BOROUGH_GROUP,zipcodes,TOTAL_COVID_CONFIRMED_CASE_COUNT,TOTAL_COVID_PROBABLE_CASE_COUNT,TOTAL_COVID_CASE_COUNT,TOTAL_POP_DENOMINATOR,TOTAL_COVID_CONFIRMED_DEATH_COUNT,TOTAL_COVID_PROBABLE_DEATH_COUNT,TOTAL_COVID_DEATH_COUNT,TOTAL_COUNT_POSITIVE,BOROUGH_COVID_TESTS,BOROUGH_CONFIRMED_COVID_RATE,BOROUGH_COVID_RATE,BOROUGH_CONFIRMED_DEATH_RATE,BOROUGH_COVID_DEATH_RATE,BOROUGH_PERCENT_POSITIVE
Bronx,25,354446,74552,428998,1421020.59,6615,1060,7675,339013.7993,1399431,24943.058706841115,30189.428852681154,465.5104962272221,540.1047707549403,24.225117158330782
Brooklyn,37,645873,110440,756313,2559903.02,10810,1964,12774,614851.2333000001,2629260,25230.369859870705,29544.595794882884,422.28162221551656,499.0032786476419,23.384953686588624
Manhattan,44,380653,72784,453437,1611420.18,4648,765,5413,366962.4364,2032289,23622.206344716375,28138.967454162077,288.44121835435874,335.9148698261927,18.05660692942785
Queens,59,587213,104540,691753,2268330.27,10345,1458,11803,562164.8698,2267132,25887.45597438948,30496.13229382157,456.0623352259898,520.3386894801699,24.796300780016338
Staten Island,12,157349,25409,182758,476143,2110,231,2341,147594.5006,471727,33046.58474449902,38383.00678577654,443.144181474893,491.65901840413494,31.288118042851053
